COU,Country,Status,Species,Animals
AUS,Australia,KNOW,INVERTEB,114095
ITA,Italy,KNOW,INVERTEB,58632
AUT,Austria,KNOW,INVERTEB,45244
GBR,United Kingdom,KNOW,INVERTEB,36242
POL,Poland,KNOW,INVERTEB,33872
NZL,New Zealand,KNOW,INVERTEB,33000
CZE,Czech Republic,KNOW,INVERTEB,32627
KOR,Korea,KNOW,INVERTEB,27568
LTU,Lithuania,KNOW,INVERTEB,25000
SVK,Slovak Republic,KNOW,INVERTEB,24818
COL,Colombia,KNOW,VASCULAR_PLANT,24633
AUS,Australia,KNOW,VASCULAR_PLANT,23968
FIN,Finland,KNOW,INVERTEB,23950
MEX,Mexico,KNOW,VASCULAR_PLANT,23296
TUR,Turkey,KNOW,INVERTEB,20636
CAN,Canada,KNOW,INVERTEB,19938
NOR,Norway,KNOW,INVERTEB,18010
LVA,Latvia,KNOW,INVERTEB,17100
CHL,Chile,KNOW,INVERTEB,12220
TUR,Turkey,KNOW,VASCULAR_PLANT,12145
COL,Colombia,KNOW,INVERTEB,10999
DEU,Germany,KNOW,INVERTEB,10434
EST,Estonia,KNOW,INVERTEB,9808
ITA,Italy,KNOW,VASCULAR_PLANT,8195
ESP,Spain,KNOW,VASCULAR_PLANT,7603
JPN,Japan,KNOW,VASCULAR_PLANT,7000
CHL,Chile,KNOW,VASCULAR_PLANT,6103
GRC,Greece,KNOW,VASCULAR_PLANT,5850
AUS,Australia,KNOW,FISH,5305
JPN,Japan,KNOW,INVERTEB,5300
BEL,Belgium,KNOW,INVERTEB,5238
CAN,Canada,KNOW,VASCULAR_PLANT,5185
AUS,Australia,KNOW,FISH,5051
NZL,New Zealand,KNOW,VASCULAR_PLANT,5038
FRA,France,KNOW,VASCULAR_PLANT,4982
GBR,United Kingdom,KNOW,VASCULAR_PLANT,4562
KOR,Korea,KNOW,VASCULAR_PLANT,4552
DEU,Germany,KNOW,VASCULAR_PLANT,4305
JPN,Japan,KNOW,FISH,4300
DNK,Denmark,KNOW,INVERTEB,4270
COL,Colombia,KNOW,FISH,4192
JPN,Japan,KNOW,FISH,3900
AUS,Australia,KNOW,LICHEN,3880
DEU,Germany,THREAT,INVERTEB,3752
SVK,Slovak Republic,KNOW,VASCULAR_PLANT,3619
PRT,Portugal,KNOW,VASCULAR_PLANT,3607
CZE,Czech Republic,THREAT,INVERTEB,3526
SVN,Slovenia,KNOW,VASCULAR_PLANT,3452
NOR,Norway,KNOW,VASCULAR_PLANT,3243
CHE,Switzerland,KNOW,INVERTEB,3154
POL,Poland,KNOW,VASCULAR_PLANT,3139
AUT,Austria,KNOW,VASCULAR_PLANT,2950
DNK,Denmark,KNOW,VASCULAR_PLANT,2918
GBR,United Kingdom,KNOW,LICHEN,2875
MEX,Mexico,KNOW,FISH,2763
HUN,Hungary,KNOW,VASCULAR_PLANT,2721
ITA,Italy,KNOW,LICHEN,2704
CHE,Switzerland,KNOW,VASCULAR_PLANT,2613
COL,Colombia,KNOW,FISH,2582
ESP,Spain,KNOW,LICHEN,2426
DEU,Germany,KNOW,LICHEN,2380
CZE,Czech Republic,KNOW,VASCULAR_PLANT,2256
MEX,Mexico,KNOW,FISH,2224
DEU,Germany,VULN,INVERTEB,2183
AUT,Austria,KNOW,LICHEN,2100
NOR,Norway,KNOW,LICHEN,2032
EST,Estonia,KNOW,VASCULAR_PLANT,2013
COL,Colombia,KNOW,BIRD,1954
LVA,Latvia,KNOW,VASCULAR_PLANT,1937
AUS,Australia,KNOW,MOSS,1871
CRI,Costa Rica,KNOW,FISH,1835
BEL,Belgium,KNOW,VASCULAR_PLANT,1818
JPN,Japan,KNOW,MOSS,1800
JPN,Japan,THREAT,VASCULAR_PLANT,1790
COL,Colombia,KNOW,MOSS,1718
POL,Poland,KNOW,LICHEN,1701
COL,Colombia,KNOW,LICHEN,1673
SVK,Slovak Republic,THREAT,INVERTEB,1636
COL,Colombia,KNOW,FISH,1610
JPN,Japan,KNOW,LICHEN,1600
FIN,Finland,KNOW,LICHEN,1594
SWE,Sweden,KNOW,VASCULAR_PLANT,1561
CZE,Czech Republic,KNOW,LICHEN,1526
SVK,Slovak Republic,KNOW,LICHEN,1508
DEU,Germany,THREAT,VASCULAR_PLANT,1410
NLD,Netherlands,KNOW,VASCULAR_PLANT,1395
CHL,Chile,KNOW,LICHEN,1383
CAN,Canada,KNOW,FISH,1376
CAN,Canada,KNOW,MOSS,1373
AUS,Australia,THREAT,VASCULAR_PLANT,1341
CZE,Czech Republic,VULN,INVERTEB,1339
LTU,Lithuania,KNOW,VASCULAR_PLANT,1334
LUX,Luxembourg,KNOW,VASCULAR_PLANT,1323
KOR,Korea,KNOW,FISH,1290
TUR,Turkey,THREAT,VASCULAR_PLANT,1282
CHL,Chile,KNOW,FISH,1272
CAN,Canada,THREAT,INVERTEB,1265
NOR,Norway,THREAT,INVERTEB,1257
FIN,Finland,THREAT,INVERTEB,1255
FIN,Finland,KNOW,VASCULAR_PLANT,1240
IRL,Ireland,KNOW,INVERTEB,1230
CAN,Canada,KNOW,FISH,1211
ITA,Italy,KNOW,MOSS,1209
DEU,Germany,KNOW,MOSS,1195
CHL,Chile,KNOW,FISH,1182
CRI,Costa Rica,KNOW,VASCULAR_PLANT,1179
CZE,Czech Republic,ENDG,INVERTEB,1173
ESP,Spain,KNOW,FISH,1146
KOR,Korea,KNOW,LICHEN,1133
MEX,Mexico,KNOW,BIRD,1117
CAN,Canada,THREAT,VASCULAR_PLANT,1107
ESP,Spain,KNOW,MOSS,1100
KOR,Korea,KNOW,FISH,1088
NOR,Norway,KNOW,MOSS,1085
POL,Poland,THREAT,INVERTEB,1081
AUS,Australia,KNOW,REPTILE,1080
CHE,Switzerland,THREAT,INVERTEB,1074
ESP,Spain,KNOW,FISH,1064
FRA,France,KNOW,INVERTEB,1060
DEU,Germany,THREAT,LICHEN,1052
IRL,Ireland,KNOW,VASCULAR_PLANT,1050
SVK,Slovak Republic,VULN,INVERTEB,1036
AUT,Austria,KNOW,MOSS,1016
CZE,Czech Republic,CRIT,INVERTEB,1014
DEU,Germany,ENDG,INVERTEB,1010
DNK,Denmark,KNOW,LICHEN,1002
MEX,Mexico,KNOW,MOSS,1000
TUR,Turkey,KNOW,LICHEN,1000
CHE,Switzerland,KNOW,MOSS,996
AUT,Austria,THREAT,VASCULAR_PLANT,985
AUT,Austria,THREAT,INVERTEB,968
MEX,Mexico,KNOW,REPTILE,953
KOR,Korea,KNOW,MOSS,925
CHL,Chile,KNOW,MOSS,923
SVK,Slovak Republic,KNOW,MOSS,909
CZE,Czech Republic,THREAT,VASCULAR_PLANT,908
CZE,Czech Republic,KNOW,MOSS,892
FIN,Finland,KNOW,MOSS,892
CRI,Costa Rica,KNOW,BIRD,888
ESP,Spain,THREAT,VASCULAR_PLANT,881
BRA,Brazil,KNOW,AMPHIBIAN,877
CAN,Canada,KNOW,LICHEN,857
COL,Colombia,KNOW,AMPHIBIAN,850
BEL,Belgium,KNOW,LICHEN,838
DEU,Germany,VULN,VASCULAR_PLANT,820
GBR,United Kingdom,KNOW,MOSS,805
AUS,Australia,KNOW,BIRD,799
CAN,Canada,VULN,INVERTEB,765
COL,Colombia,KNOW,REPTILE,743
JPN,Japan,VULN,VASCULAR_PLANT,741
FIN,Finland,VULN,INVERTEB,739
COL,Colombia,THREAT,VASCULAR_PLANT,721
TUR,Turkey,KNOW,FISH,716
HUN,Hungary,KNOW,LICHEN,715
CHE,Switzerland,KNOW,LICHEN,713
NOR,Norway,VULN,INVERTEB,706
POL,Poland,KNOW,MOSS,702
JPN,Japan,KNOW,BIRD,700
LVA,Latvia,KNOW,LICHEN,687
NLD,Netherlands,KNOW,LICHEN,683
CAN,Canada,KNOW,BIRD,674
CHE,Switzerland,THREAT,VASCULAR_PLANT,670
GRC,Greece,KNOW,FISH,665
HUN,Hungary,KNOW,MOSS,659
ITA,Italy,KNOW,FISH,641
ESP,Spain,KNOW,BIRD,641
ITA,Italy,THREAT,VASCULAR_PLANT,631
GBR,United Kingdom,KNOW,FISH,622
DNK,Denmark,THREAT,INVERTEB,602
EST,Estonia,KNOW,MOSS,598
IRL,Ireland,KNOW,MOSS,596
GBR,United Kingdom,KNOW,BIRD,590
AUS,Australia,VULN,VASCULAR_PLANT,588
MEX,Mexico,THREAT,VASCULAR_PLANT,576
POL,Poland,VULN,INVERTEB,571
CZE,Czech Republic,THREAT,LICHEN,569
BEL,Belgium,THREAT,INVERTEB,566
MEX,Mexico,KNOW,MAMMAL,564
LVA,Latvia,KNOW,MOSS,560
DEU,Germany,CRIT,INVERTEB,559
EST,Estonia,KNOW,LICHEN,556
AUS,Australia,ENDG,VASCULAR_PLANT,555
DEU,Germany,VULN,LICHEN,546
POL,Poland,THREAT,LICHEN,545
ITA,Italy,KNOW,FISH,544
JPN,Japan,ENDG,VASCULAR_PLANT,529
COL,Colombia,KNOW,MAMMAL,528
KOR,Korea,KNOW,BIRD,527
SVK,Slovak Republic,THREAT,VASCULAR_PLANT,527
BEL,Belgium,KNOW,MOSS,521
JPN,Japan,CRIT,VASCULAR_PLANT,520
NLD,Netherlands,KNOW,MOSS,517
GRC,Greece,KNOW,FISH,511
CHL,Chile,KNOW,BIRD,510
NLD,Netherlands,KNOW,INVERTEB,507
TUR,Turkey,KNOW,BIRD,506
MEX,Mexico,KNOW,FISH,505
BEL,Belgium,THREAT,LICHEN,495
POL,Poland,THREAT,VASCULAR_PLANT,489
CHE,Switzerland,VULN,INVERTEB,487
TUR,Turkey,KNOW,FISH,480
IRL,Ireland,KNOW,BIRD,478
LTU,Lithuania,KNOW,MOSS,470
CAN,Canada,VULN,VASCULAR_PLANT,467
AUT,Austria,VULN,VASCULAR_PLANT,465
NOR,Norway,ENDG,INVERTEB,459
ITA,Italy,THREAT,INVERTEB,456
POL,Poland,KNOW,BIRD,456
DNK,Denmark,KNOW,MOSS,452
CRI,Costa Rica,KNOW,INVERTEB,447
AUT,Austria,THREAT,LICHEN,443
GRC,Greece,KNOW,BIRD,440
ESP,Spain,VULN,VASCULAR_PLANT,439
ISL,Iceland,KNOW,VASCULAR_PLANT,438
CHL,Chile,THREAT,VASCULAR_PLANT,426
BEL,Belgium,THREAT,VASCULAR_PLANT,423
FRA,France,THREAT,VASCULAR_PLANT,421
MEX,Mexico,KNOW,AMPHIBIAN,413
CZE,Czech Republic,ENDG,VASCULAR_PLANT,412
BRA,Brazil,THREAT,FISH,409
DEU,Germany,THREAT,MOSS,409
IRL,Ireland,KNOW,FISH,404
TUR,Turkey,KNOW,FISH,402
GBR,United Kingdom,THREAT,INVERTEB,402
CHE,Switzerland,THREAT,MOSS,401
SVK,Slovak Republic,ENDG,INVERTEB,401
JPN,Japan,KNOW,FISH,400
FRA,France,KNOW,BIRD,396
FIN,Finland,ENDG,INVERTEB,393
PRT,Portugal,KNOW,BIRD,393
LTU,Lithuania,KNOW,BIRD,389
HUN,Hungary,THREAT,VASCULAR_PLANT,382
AUS,Australia,KNOW,MAMMAL,380
SVN,Slovenia,KNOW,BIRD,380
DEU,Germany,ENDG,VASCULAR_PLANT,378
IRL,Ireland,KNOW,FISH,376
AUS,Australia,KNOW,FISH,375
GBR,United Kingdom,THREAT,VASCULAR_PLANT,366
CHE,Switzerland,VULN,VASCULAR_PLANT,362
CHE,Switzerland,ENDG,INVERTEB,358
POL,Poland,ENDG,INVERTEB,358
SVK,Slovak Republic,THREAT,LICHEN,357
NLD,Netherlands,THREAT,VASCULAR_PLANT,356
AUT,Austria,VULN,INVERTEB,356
LUX,Luxembourg,THREAT,VASCULAR_PLANT,354
MEX,Mexico,VULN,VASCULAR_PLANT,350
AUT,Austria,ENDG,VASCULAR_PLANT,348
COL,Colombia,VULN,VASCULAR_PLANT,345
DEU,Germany,CRIT,LICHEN,337
SVN,Slovenia,THREAT,VASCULAR_PLANT,334
CAN,Canada,ENDG,VASCULAR_PLANT,325
DNK,Denmark,VULN,INVERTEB,319
CAN,Canada,CRIT,VASCULAR_PLANT,315
NOR,Norway,KNOW,FISH,312
SVK,Slovak Republic,THREAT,MOSS,311
BRA,Brazil,THREAT,FISH,311
AUT,Austria,ENDG,INVERTEB,310
AUT,Austria,CRIT,INVERTEB,302
BRA,Brazil,THREAT,INVERTEB,299
COL,Colombia,THREAT,AMPHIBIAN,299
CAN,Canada,ENDG,INVERTEB,295
CAN,Canada,THREAT,MOSS,294
NZL,New Zealand,KNOW,FISH,289
CZE,Czech Republic,CRIT,VASCULAR_PLANT,284
CHE,Switzerland,VULN,MOSS,282
DEU,Germany,KNOW,BIRD,280
NOR,Norway,KNOW,FISH,278
ITA,Italy,KNOW,BIRD,278
SVN,Slovenia,KNOW,FISH,273
SWE,Sweden,THREAT,VASCULAR_PLANT,270
ITA,Italy,ENDG,VASCULAR_PLANT,269
FIN,Finland,THREAT,LICHEN,268
NZL,New Zealand,THREAT,INVERTEB,266
COL,Colombia,ENDG,VASCULAR_PLANT,264
NOR,Norway,KNOW,BIRD,264
ESP,Spain,THREAT,MOSS,259
SWE,Sweden,KNOW,BIRD,257
CHE,Switzerland,THREAT,LICHEN,257
GRC,Greece,THREAT,VASCULAR_PLANT,255
SVN,Slovenia,VULN,VASCULAR_PLANT,254
NZL,New Zealand,KNOW,BIRD,254
BEL,Belgium,CRIT,VASCULAR_PLANT,253
CZE,Czech Republic,THREAT,MOSS,251
AUT,Austria,VULN,LICHEN,251
LTU,Lithuania,KNOW,LICHEN,250
DEU,Germany,VULN,MOSS,250
FIN,Finland,KNOW,BIRD,248
CZE,Czech Republic,VULN,LICHEN,247
NOR,Norway,THREAT,VASCULAR_PLANT,246
ESP,Spain,THREAT,INVERTEB,246
DNK,Denmark,KNOW,BIRD,241
MEX,Mexico,THREAT,BIRD,241
CRI,Costa Rica,KNOW,MAMMAL,241
ESP,Spain,CRIT,VASCULAR_PLANT,240
JPN,Japan,THREAT,MOSS,240
AUS,Australia,KNOW,AMPHIBIAN,239
HUN,Hungary,KNOW,BIRD,238
DNK,Denmark,KNOW,FISH,238
AUT,Austria,THREAT,MOSS,238
FRA,France,VULN,VASCULAR_PLANT,238
ITA,Italy,THREAT,MOSS,237
CZE,Czech Republic,KNOW,BIRD,237
BRA,Brazil,THREAT,BIRD,234
EST,Estonia,KNOW,BIRD,234
LVA,Latvia,KNOW,BIRD,233
ITA,Italy,VULN,INVERTEB,232
BEL,Belgium,VULN,INVERTEB,230
CHE,Switzerland,CRIT,INVERTEB,229
KOR,Korea,THREAT,VASCULAR_PLANT,224
CAN,Canada,KNOW,MAMMAL,221
DNK,Denmark,THREAT,LICHEN,221
MEX,Mexico,ENDG,VASCULAR_PLANT,220
FRA,France,THREAT,INVERTEB,219
NOR,Norway,THREAT,LICHEN,217
NZL,New Zealand,KNOW,FISH,214
GBR,United Kingdom,VULN,VASCULAR_PLANT,214
AUT,Austria,KNOW,BIRD,213
DEU,Germany,CRIT,VASCULAR_PLANT,212
CZE,Czech Republic,VULN,VASCULAR_PLANT,212
SVK,Slovak Republic,KNOW,BIRD,211
LVA,Latvia,THREAT,VASCULAR_PLANT,209
POL,Poland,VULN,VASCULAR_PLANT,208
CAN,Canada,CRIT,INVERTEB,205
CHE,Switzerland,KNOW,BIRD,205
EST,Estonia,THREAT,VASCULAR_PLANT,204
KOR,Korea,THREAT,INVERTEB,204
GBR,United Kingdom,VULN,INVERTEB,202
ESP,Spain,ENDG,VASCULAR_PLANT,202
KOR,Korea,KNOW,FISH,202
BEL,Belgium,ENDG,INVERTEB,201
SVK,Slovak Republic,VULN,VASCULAR_PLANT,201
POL,Poland,ENDG,LICHEN,201
SVK,Slovak Republic,CRIT,INVERTEB,199
CHL,Chile,ENDG,VASCULAR_PLANT,199
AUS,Australia,CRIT,VASCULAR_PLANT,198
BEL,Belgium,KNOW,BIRD,198
FIN,Finland,THREAT,VASCULAR_PLANT,197
DEU,Germany,KNOW,FISH,197
CHE,Switzerland,ENDG,VASCULAR_PLANT,197
ITA,Italy,CRIT,VASCULAR_PLANT,193
CRI,Costa Rica,KNOW,AMPHIBIAN,192
SVN,Slovenia,KNOW,FISH,188
GBR,United Kingdom,THREAT,LICHEN,187
CZE,Czech Republic,ENDG,LICHEN,186
JPN,Japan,THREAT,FISH,185
CHL,Chile,KNOW,MAMMAL,185
CAN,Canada,THREAT,LICHEN,184
FIN,Finland,THREAT,MOSS,183
EST,Estonia,THREAT,LICHEN,181
IRL,Ireland,THREAT,INVERTEB,179
FRA,France,VULN,INVERTEB,179
DNK,Denmark,ENDG,INVERTEB,179
POL,Poland,CRIT,LICHEN,179
MEX,Mexico,THREAT,FISH,175
ESP,Spain,KNOW,MAMMAL,174
GRC,Greece,VULN,VASCULAR_PLANT,174
CRI,Costa Rica,KNOW,REPTILE,173
HUN,Hungary,THREAT,MOSS,173
TUR,Turkey,KNOW,MAMMAL,173
AUT,Austria,CRIT,VASCULAR_PLANT,172
SVK,Slovak Republic,ENDG,VASCULAR_PLANT,171
MEX,Mexico,THREAT,REPTILE,170
ESP,Spain,VULN,INVERTEB,170
SVK,Slovak Republic,VULN,LICHEN,169
JPN,Japan,THREAT,FISH,169
DEU,Germany,ENDG,LICHEN,169
ITA,Italy,VULN,VASCULAR_PLANT,169
NLD,Netherlands,VULN,VASCULAR_PLANT,168
NLD,Netherlands,KNOW,BIRD,168
POL,Poland,VULN,LICHEN,165
CAN,Canada,KNOW,FISH,165
FRA,France,KNOW,FISH,163
DNK,Denmark,THREAT,VASCULAR_PLANT,162
NLD,Netherlands,THREAT,INVERTEB,162
HUN,Hungary,ENDG,VASCULAR_PLANT,162
ESP,Spain,VULN,MOSS,161
JPN,Japan,KNOW,MAMMAL,160
EST,Estonia,THREAT,MOSS,159
PRT,Portugal,KNOW,MAMMAL,158
NLD,Netherlands,THREAT,LICHEN,156
SVK,Slovak Republic,CRIT,VASCULAR_PLANT,155
GRC,Greece,KNOW,FISH,154
POL,Poland,ENDG,VASCULAR_PLANT,154
ITA,Italy,THREAT,LICHEN,153
CHL,Chile,VULN,VASCULAR_PLANT,153
MEX,Mexico,THREAT,FISH,152
POL,Poland,CRIT,INVERTEB,152
MEX,Mexico,THREAT,MAMMAL,150
LUX,Luxembourg,KNOW,INVERTEB,149
BRA,Brazil,VULN,FISH,148
TUR,Turkey,KNOW,REPTILE,147
NOR,Norway,THREAT,MOSS,142
MEX,Mexico,VULN,REPTILE,142
BEL,Belgium,KNOW,FISH,142
SWE,Sweden,KNOW,FISH,141
BEL,Belgium,THREAT,MOSS,140
CHL,Chile,KNOW,REPTILE,140
SVK,Slovak Republic,CRIT,LICHEN,140
JPN,Japan,ENDG,MOSS,138
JPN,Japan,CRIT,MOSS,137
KOR,Korea,VULN,INVERTEB,137
CRI,Costa Rica,THREAT,VASCULAR_PLANT,137
COL,Colombia,THREAT,BIRD,136
CZE,Czech Republic,CRIT,LICHEN,136
ITA,Italy,ENDG,INVERTEB,136
BRA,Brazil,CRIT,FISH,135
AUT,Austria,ENDG,LICHEN,135
AUS,Australia,THREAT,BIRD,135
AUT,Austria,VULN,MOSS,135
BEL,Belgium,CRIT,INVERTEB,135
CAN,Canada,VULN,MOSS,134
NZL,New Zealand,CRIT,INVERTEB,133
FRA,France,ENDG,VASCULAR_PLANT,132
LUX,Luxembourg,KNOW,BIRD,131
LTU,Lithuania,THREAT,VASCULAR_PLANT,130
GBR,United Kingdom,THREAT,BIRD,129
POL,Poland,CRIT,VASCULAR_PLANT,127
IRL,Ireland,THREAT,BIRD,127
MEX,Mexico,VULN,BIRD,127
BRA,Brazil,ENDG,FISH,126
ITA,Italy,KNOW,MAMMAL,126
POL,Poland,KNOW,FISH,126
KOR,Korea,KNOW,MAMMAL,125
FRA,France,KNOW,MAMMAL,125
FIN,Finland,VULN,LICHEN,124
LUX,Luxembourg,ENDG,VASCULAR_PLANT,124
COL,Colombia,ENDG,AMPHIBIAN,123
FIN,Finland,CRIT,INVERTEB,123
GBR,United Kingdom,THREAT,MOSS,123
NLD,Netherlands,THREAT,MOSS,122
LUX,Luxembourg,CRIT,VASCULAR_PLANT,121
BRA,Brazil,VULN,BIRD,120
CHL,Chile,THREAT,INVERTEB,119
EST,Estonia,THREAT,INVERTEB,119
GBR,United Kingdom,ENDG,INVERTEB,118
NLD,Netherlands,ENDG,VASCULAR_PLANT,117
CHE,Switzerland,VULN,LICHEN,116
EST,Estonia,VULN,MOSS,116
GRC,Greece,KNOW,MAMMAL,115
CZE,Czech Republic,THREAT,BIRD,115
HUN,Hungary,CRIT,VASCULAR_PLANT,115
SWE,Sweden,ENDG,VASCULAR_PLANT,114
DEU,Germany,ENDG,MOSS,114
IRL,Ireland,THREAT,MOSS,113
HUN,Hungary,THREAT,LICHEN,113
SWE,Sweden,VULN,VASCULAR_PLANT,113
SVK,Slovak Republic,VULN,MOSS,112
COL,Colombia,CRIT,VASCULAR_PLANT,112
BRA,Brazil,ENDG,FISH,112
POL,Poland,KNOW,MAMMAL,112
PRT,Portugal,THREAT,BIRD,111
CHE,Switzerland,CRIT,VASCULAR_PLANT,111
NOR,Norway,VULN,VASCULAR_PLANT,111
LVA,Latvia,ENDG,VASCULAR_PLANT,110
KOR,Korea,VULN,VASCULAR_PLANT,110
GBR,United Kingdom,ENDG,VASCULAR_PLANT,110
BRA,Brazil,THREAT,MAMMAL,110
LUX,Luxembourg,VULN,VASCULAR_PLANT,109
COL,Colombia,THREAT,FISH,109
GBR,United Kingdom,VULN,LICHEN,108
BEL,Belgium,ENDG,VASCULAR_PLANT,107
AUS,Australia,THREAT,MAMMAL,107
FRA,France,THREAT,BIRD,107
NZL,New Zealand,KNOW,REPTILE,107
DEU,Germany,KNOW,MAMMAL,107
GBR,United Kingdom,KNOW,MAMMAL,107
LTU,Lithuania,KNOW,FISH,105
HUN,Hungary,VULN,VASCULAR_PLANT,105
SVN,Slovenia,THREAT,BIRD,105
BRA,Brazil,ENDG,INVERTEB,104
DNK,Denmark,CRIT,INVERTEB,104
ESP,Spain,KNOW,REPTILE,104
SVK,Slovak Republic,ENDG,MOSS,104
EST,Estonia,KNOW,FISH,103
JPN,Japan,VULN,MOSS,103
DEU,Germany,KNOW,FISH,103
EST,Estonia,VULN,VASCULAR_PLANT,102
DNK,Denmark,ENDG,VASCULAR_PLANT,101
COL,Colombia,VULN,AMPHIBIAN,101
BRA,Brazil,CRIT,INVERTEB,101
AUT,Austria,KNOW,MAMMAL,101
IRL,Ireland,THREAT,VASCULAR_PLANT,101
BRA,Brazil,CRIT,FISH,101
JPN,Japan,KNOW,REPTILE,100
IRL,Ireland,VULN,INVERTEB,100
SWE,Sweden,KNOW,FISH,100
NOR,Norway,ENDG,VASCULAR_PLANT,100
BEL,Belgium,KNOW,FISH,99
NOR,Norway,VULN,LICHEN,99
CZE,Czech Republic,KNOW,FISH,99
CZE,Czech Republic,KNOW,FISH,99
BRA,Brazil,VULN,FISH,98
COL,Colombia,THREAT,INVERTEB,98
BRA,Brazil,THREAT,FISH,98
JPN,Japan,THREAT,BIRD,98
NLD,Netherlands,KNOW,FISH,97
ITA,Italy,KNOW,FISH,97
MEX,Mexico,ENDG,BIRD,96
CHE,Switzerland,ENDG,LICHEN,96
EST,Estonia,THREAT,BIRD,95
SVK,Slovak Republic,CRIT,MOSS,95
CZE,Czech Republic,KNOW,MAMMAL,95
DEU,Germany,KNOW,FISH,94
DEU,Germany,THREAT,BIRD,94
BRA,Brazil,VULN,INVERTEB,94
CZE,Czech Republic,VULN,MOSS,93
CHE,Switzerland,KNOW,MAMMAL,93
NOR,Norway,CRIT,INVERTEB,92
COL,Colombia,VULN,FISH,92
JPN,Japan,KNOW,AMPHIBIAN,91
MEX,Mexico,VULN,MAMMAL,91
HUN,Hungary,ENDG,MOSS,90
SVK,Slovak Republic,KNOW,MAMMAL,90
IRL,Ireland,VULN,BIRD,90
LTU,Lithuania,THREAT,INVERTEB,89
SVN,Slovenia,KNOW,MAMMAL,89
NOR,Norway,KNOW,MAMMAL,89
TUR,Turkey,THREAT,INVERTEB,89
FIN,Finland,ENDG,VASCULAR_PLANT,88
ITA,Italy,CRIT,INVERTEB,88
CAN,Canada,THREAT,FISH,88
CAN,Canada,THREAT,BIRD,88
CZE,Czech Republic,ENDG,MOSS,88
DNK,Denmark,VULN,LICHEN,87
FIN,Finland,THREAT,BIRD,87
LVA,Latvia,KNOW,FISH,87
HUN,Hungary,KNOW,MAMMAL,87
HUN,Hungary,KNOW,INVERTEB,87
CRI,Costa Rica,VULN,VASCULAR_PLANT,86
KOR,Korea,ENDG,VASCULAR_PLANT,86
CAN,Canada,ENDG,MOSS,85
SVN,Slovenia,KNOW,FISH,85
MEX,Mexico,ENDG,FISH,85
AUT,Austria,KNOW,FISH,84
DNK,Denmark,THREAT,BIRD,84
BEL,Belgium,KNOW,MAMMAL,84
AUT,Austria,KNOW,FISH,84
DNK,Denmark,CRIT,LICHEN,84
LVA,Latvia,VULN,VASCULAR_PLANT,83
POL,Poland,THREAT,MOSS,83
FRA,France,KNOW,FISH,83
GBR,United Kingdom,CRIT,INVERTEB,82
ESP,Spain,KNOW,FISH,82
HUN,Hungary,KNOW,FISH,81
HUN,Hungary,KNOW,FISH,81
FIN,Finland,ENDG,LICHEN,81
COL,Colombia,VULN,BIRD,80
FRA,France,KNOW,FISH,80
SVN,Slovenia,ENDG,VASCULAR_PLANT,80
BRA,Brazil,THREAT,REPTILE,80
JPN,Japan,ENDG,FISH,79
SVK,Slovak Republic,KNOW,FISH,79
LVA,Latvia,THREAT,INVERTEB,79
FIN,Finland,VULN,VASCULAR_PLANT,78
HUN,Hungary,THREAT,BIRD,78
POL,Poland,KNOW,FISH,77
FIN,Finland,VULN,MOSS,76
MEX,Mexico,VULN,FISH,76
FIN,Finland,KNOW,MAMMAL,75
CAN,Canada,CRIT,MOSS,75
COL,Colombia,CRIT,AMPHIBIAN,75
NZL,New Zealand,KNOW,FISH,75
ISL,Iceland,KNOW,BIRD,75
CHL,Chile,CRIT,VASCULAR_PLANT,74
MEX,Mexico,ENDG,FISH,74
EST,Estonia,ENDG,LICHEN,74
NOR,Norway,ENDG,LICHEN,73
CHL,Chile,KNOW,FISH,72
NZL,New Zealand,VULN,INVERTEB,71
NLD,Netherlands,CRIT,VASCULAR_PLANT,71
BRA,Brazil,ENDG,BIRD,71
DNK,Denmark,KNOW,MAMMAL,71
CHE,Switzerland,THREAT,BIRD,71
JPN,Japan,ENDG,FISH,71
CHE,Switzerland,KNOW,FISH,70
CHE,Switzerland,KNOW,FISH,70
FIN,Finland,ENDG,MOSS,70
CAN,Canada,CRIT,LICHEN,70
CZE,Czech Republic,CRIT,MOSS,70
FIN,Finland,KNOW,FISH,69
AUT,Austria,ENDG,MOSS,69
LTU,Lithuania,KNOW,MAMMAL,68
CRI,Costa Rica,THREAT,FISH,68
ITA,Italy,THREAT,BIRD,67
EST,Estonia,ENDG,VASCULAR_PLANT,67
ESP,Spain,THREAT,BIRD,66
EST,Estonia,KNOW,MAMMAL,66
EST,Estonia,KNOW,FISH,66
AUT,Austria,THREAT,BIRD,66
LTU,Lithuania,ENDG,VASCULAR_PLANT,66
GRC,Greece,KNOW,REPTILE,66
MEX,Mexico,VULN,FISH,65
NLD,Netherlands,VULN,LICHEN,65
NZL,New Zealand,KNOW,MAMMAL,65
JPN,Japan,THREAT,INVERTEB,65
AUS,Australia,THREAT,INVERTEB,65
SWE,Sweden,KNOW,MAMMAL,65
CHL,Chile,KNOW,AMPHIBIAN,65
PRT,Portugal,KNOW,FISH,65
EST,Estonia,CRIT,LICHEN,64
IRL,Ireland,VULN,MOSS,64
GRC,Greece,ENDG,VASCULAR_PLANT,64
HUN,Hungary,VULN,MOSS,63
FIN,Finland,CRIT,LICHEN,63
CHL,Chile,ENDG,INVERTEB,63
BEL,Belgium,VULN,VASCULAR_PLANT,63
CAN,Canada,VULN,LICHEN,63
GRC,Greece,THREAT,FISH,63
GBR,United Kingdom,VULN,MOSS,63
RUS,Russia,THREAT,VASCULAR_PLANT,63
AUS,Australia,VULN,BIRD,63
JPN,Japan,THREAT,LICHEN,63
LVA,Latvia,KNOW,MAMMAL,62
NZL,New Zealand,ENDG,INVERTEB,62
GRC,Greece,THREAT,BIRD,62
AUS,Australia,THREAT,REPTILE,61
PRT,Portugal,VULN,BIRD,61
CRI,Costa Rica,THREAT,AMPHIBIAN,61
CHE,Switzerland,CRIT,MOSS,61
LVA,Latvia,THREAT,MOSS,61
NOR,Norway,ENDG,MOSS,61
NLD,Netherlands,ENDG,INVERTEB,60
JPN,Japan,CRIT,FISH,60
NOR,Norway,VULN,MOSS,59
AUS,Australia,VULN,MAMMAL,59
MEX,Mexico,THREAT,AMPHIBIAN,58
FRA,France,VULN,BIRD,58
CHE,Switzerland,ENDG,MOSS,58
CRI,Costa Rica,VULN,FISH,58
NLD,Netherlands,KNOW,FISH,57
RUS,Russia,THREAT,BIRD,57
IRL,Ireland,KNOW,MAMMAL,57
AUT,Austria,CRIT,LICHEN,57
ITA,Italy,KNOW,REPTILE,56
IRL,Ireland,VULN,VASCULAR_PLANT,56
LTU,Lithuania,THREAT,BIRD,56
BRA,Brazil,VULN,MAMMAL,55
AUS,Australia,ENDG,BIRD,55
COL,Colombia,THREAT,MAMMAL,55
BEL,Belgium,THREAT,BIRD,55
DNK,Denmark,KNOW,FISH,55
CAN,Canada,VULN,FISH,54
LTU,Lithuania,KNOW,FISH,54
KOR,Korea,THREAT,BIRD,54
ESP,Spain,ENDG,INVERTEB,54
EST,Estonia,KNOW,FISH,54
JPN,Japan,CRIT,FISH,54
LTU,Lithuania,ENDG,INVERTEB,54
NLD,Netherlands,KNOW,MAMMAL,53
CHL,Chile,THREAT,REPTILE,52
SWE,Sweden,THREAT,BIRD,52
POL,Poland,ENDG,MOSS,52
ESP,Spain,ENDG,MOSS,52
CAN,Canada,THREAT,FISH,52
CAN,Canada,THREAT,MAMMAL,52
ISL,Iceland,THREAT,VASCULAR_PLANT,52
GBR,United Kingdom,VULN,BIRD,52
NLD,Netherlands,CRIT,MOSS,52
NLD,Netherlands,CRIT,INVERTEB,51
SVK,Slovak Republic,THREAT,BIRD,51
COL,Colombia,THREAT,FISH,51
LTU,Lithuania,KNOW,FISH,51
NLD,Netherlands,VULN,INVERTEB,51
MEX,Mexico,THREAT,INVERTEB,51
IRL,Ireland,ENDG,INVERTEB,51
FRA,France,CRIT,VASCULAR_PLANT,51
CAN,Canada,ENDG,LICHEN,51
DNK,Denmark,THREAT,MOSS,51
MEX,Mexico,ENDG,MAMMAL,50
NOR,Norway,KNOW,FISH,50
BRA,Brazil,VULN,FISH,50
DNK,Denmark,ENDG,LICHEN,50
AUS,Australia,THREAT,FISH,50
BRA,Brazil,ENDG,REPTILE,50
SVN,Slovenia,THREAT,FISH,50
GRC,Greece,THREAT,FISH,49
PRT,Portugal,KNOW,REPTILE,49
DEU,Germany,THREAT,FISH,49
NLD,Netherlands,CRIT,LICHEN,49
COL,Colombia,VULN,INVERTEB,48
CAN,Canada,VULN,BIRD,48
SVK,Slovak Republic,ENDG,LICHEN,48
LTU,Lithuania,THREAT,MOSS,48
JPN,Japan,THREAT,AMPHIBIAN,47
ITA,Italy,THREAT,FISH,47
CRI,Costa Rica,ENDG,VASCULAR_PLANT,47
CAN,Canada,KNOW,AMPHIBIAN,47
CHL,Chile,THREAT,BIRD,46
NOR,Norway,THREAT,BIRD,46
COL,Colombia,VULN,FISH,46
JPN,Japan,VULN,FISH,46
ESP,Spain,CRIT,MOSS,46
LVA,Latvia,KNOW,FISH,45
DEU,Germany,CRIT,MOSS,45
CZE,Czech Republic,VULN,BIRD,45
DNK,Denmark,VULN,BIRD,45
HUN,Hungary,VULN,LICHEN,45
CHE,Switzerland,CRIT,LICHEN,45
SVN,Slovenia,VULN,BIRD,45
GBR,United Kingdom,CRIT,LICHEN,45
NOR,Norway,CRIT,LICHEN,45
CAN,Canada,KNOW,REPTILE,45
HUN,Hungary,ENDG,LICHEN,44
COL,Colombia,THREAT,REPTILE,44
COL,Colombia,ENDG,INVERTEB,44
CHL,Chile,THREAT,AMPHIBIAN,44
ITA,Italy,KNOW,AMPHIBIAN,44
JPN,Japan,VULN,FISH,44
EST,Estonia,VULN,LICHEN,43
LUX,Luxembourg,KNOW,FISH,43
GBR,United Kingdom,ENDG,BIRD,43
BEL,Belgium,KNOW,FISH,43
SVN,Slovenia,ENDG,BIRD,43
EST,Estonia,ENDG,INVERTEB,43
BRA,Brazil,ENDG,MAMMAL,43
SWE,Sweden,CRIT,VASCULAR_PLANT,43
NLD,Netherlands,VULN,MOSS,43
LUX,Luxembourg,KNOW,FISH,43
KOR,Korea,ENDG,INVERTEB,43
JPN,Japan,VULN,BIRD,43
MEX,Mexico,VULN,AMPHIBIAN,43
JPN,Japan,VULN,INVERTEB,43
JPN,Japan,CRIT,LICHEN,43
LTU,Lithuania,THREAT,LICHEN,43
GBR,United Kingdom,CRIT,VASCULAR_PLANT,42
LVA,Latvia,KNOW,FISH,42
BRA,Brazil,CRIT,BIRD,42
SWE,Sweden,KNOW,FISH,42
ESP,Spain,THREAT,FISH,42
COL,Colombia,THREAT,MOSS,42
NLD,Netherlands,ENDG,LICHEN,42
LVA,Latvia,ENDG,MOSS,41
LTU,Lithuania,VULN,VASCULAR_PLANT,41
CHE,Switzerland,VULN,BIRD,41
NLD,Netherlands,THREAT,BIRD,41
JPN,Japan,ENDG,LICHEN,41
EST,Estonia,VULN,BIRD,41
RUS,Russia,THREAT,FISH,40
DEU,Germany,VULN,BIRD,40
NLD,Netherlands,KNOW,FISH,40
SVN,Slovenia,ENDG,FISH,40
COL,Colombia,ENDG,BIRD,40
SVN,Slovenia,THREAT,FISH,40
ESP,Spain,KNOW,AMPHIBIAN,39
TUR,Turkey,KNOW,AMPHIBIAN,39
AUT,Austria,THREAT,FISH,39
DEU,Germany,THREAT,MAMMAL,39
EST,Estonia,CRIT,INVERTEB,39
AUT,Austria,THREAT,FISH,39
LVA,Latvia,THREAT,BIRD,39
CHL,Chile,THREAT,FISH,38
LVA,Latvia,ENDG,INVERTEB,38
AUS,Australia,ENDG,MAMMAL,38
RUS,Russia,THREAT,INVERTEB,38
FIN,Finland,VULN,BIRD,38
BRA,Brazil,THREAT,AMPHIBIAN,38
FRA,France,KNOW,REPTILE,38
CAN,Canada,VULN,FISH,38
JPN,Japan,THREAT,REPTILE,37
GBR,United Kingdom,ENDG,MOSS,37
EST,Estonia,VULN,INVERTEB,37
AUS,Australia,THREAT,AMPHIBIAN,37
IRL,Ireland,ENDG,BIRD,37
FIN,Finland,CRIT,MOSS,37
CHL,Chile,THREAT,FISH,37
CHL,Chile,THREAT,MAMMAL,36
AUS,Australia,THREAT,FISH,36
CAN,Canada,THREAT,FISH,36
FIN,Finland,ENDG,BIRD,36
POL,Poland,KNOW,FISH,36
ITA,Italy,ENDG,BIRD,36
CZE,Czech Republic,ENDG,BIRD,35
HUN,Hungary,THREAT,FISH,35
NOR,Norway,CRIT,VASCULAR_PLANT,35
EST,Estonia,CRIT,VASCULAR_PLANT,35
ESP,Spain,VULN,BIRD,35
FRA,France,KNOW,AMPHIBIAN,35
SWE,Sweden,VULN,BIRD,35
CZE,Czech Republic,CRIT,BIRD,35
HUN,Hungary,VULN,BIRD,35
HUN,Hungary,THREAT,FISH,35
ESP,Spain,THREAT,FISH,35
LVA,Latvia,VULN,INVERTEB,34
GBR,United Kingdom,ENDG,LICHEN,34
RUS,Russia,THREAT,MAMMAL,34
AUT,Austria,CRIT,MOSS,34
SVN,Slovenia,THREAT,MAMMAL,34
BRA,Brazil,CRIT,FISH,34
JPN,Japan,THREAT,MAMMAL,34
CHE,Switzerland,THREAT,MAMMAL,34
POL,Poland,THREAT,BIRD,34
CHL,Chile,CRIT,INVERTEB,33
DNK,Denmark,CRIT,VASCULAR_PLANT,33
DNK,Denmark,VULN,MOSS,33
ISL,Iceland,THREAT,BIRD,33
FRA,France,ENDG,BIRD,33
KOR,Korea,KNOW,REPTILE,32
COL,Colombia,VULN,MOSS,32
COL,Colombia,VULN,MAMMAL,32
POL,Poland,VULN,MOSS,31
CRI,Costa Rica,THREAT,INVERTEB,31
AUS,Australia,VULN,REPTILE,31
SVN,Slovenia,ENDG,FISH,31
JPN,Japan,CRIT,BIRD,31
FIN,Finland,CRIT,VASCULAR_PLANT,31
PRT,Portugal,THREAT,MAMMAL,31
GRC,Greece,VULN,BIRD,31
EST,Estonia,ENDG,BIRD,31
CAN,Canada,VULN,MAMMAL,31
IRL,Ireland,ENDG,MOSS,30
PRT,Portugal,ENDG,BIRD,30
CRI,Costa Rica,THREAT,BIRD,30
DEU,Germany,CRIT,BIRD,30
AUS,Australia,CRIT,INVERTEB,30
BEL,Belgium,THREAT,FISH,29
KOR,Korea,VULN,BIRD,29
GRC,Greece,THREAT,MAMMAL,29
IRL,Ireland,KNOW,FISH,28
IRL,Ireland,CRIT,INVERTEB,28
DNK,Denmark,VULN,VASCULAR_PLANT,28
GRC,Greece,VULN,FISH,28
DEU,Germany,THREAT,FISH,28
AUT,Austria,VULN,BIRD,28
KOR,Korea,CRIT,VASCULAR_PLANT,28
MEX,Mexico,ENDG,REPTILE,28
GBR,United Kingdom,CRIT,BIRD,27
AUT,Austria,THREAT,MAMMAL,27
NLD,Netherlands,ENDG,MOSS,27
CAN,Canada,THREAT,REPTILE,26
CAN,Canada,CRIT,BIRD,26
FRA,France,THREAT,FISH,26
MEX,Mexico,VULN,INVERTEB,26
LTU,Lithuania,VULN,MOSS,26
LUX,Luxembourg,THREAT,BIRD,26
ESP,Spain,THREAT,MAMMAL,26
CHL,Chile,ENDG,BIRD,25
CHL,Chile,VULN,REPTILE,25
ITA,Italy,THREAT,FISH,25
CAN,Canada,ENDG,FISH,25
CZE,Czech Republic,THREAT,FISH,25
CZE,Czech Republic,THREAT,FISH,25
NOR,Norway,VULN,BIRD,25
POL,Poland,THREAT,FISH,25
IRL,Ireland,ENDG,VASCULAR_PLANT,25
HUN,Hungary,THREAT,INVERTEB,24
ESP,Spain,VULN,FISH,24
JPN,Japan,ENDG,BIRD,24
AUS,Australia,VULN,FISH,24
LVA,Latvia,THREAT,LICHEN,24
MEX,Mexico,ENDG,INVERTEB,24
SVN,Slovenia,KNOW,REPTILE,24
DNK,Denmark,CRIT,BIRD,24
CHE,Switzerland,THREAT,FISH,24
EST,Estonia,ENDG,MOSS,24
AUT,Austria,ENDG,BIRD,24
LTU,Lithuania,CRIT,LICHEN,24
DEU,Germany,ENDG,BIRD,24
SVK,Slovak Republic,ENDG,BIRD,24
CHE,Switzerland,THREAT,FISH,24
KOR,Korea,THREAT,FISH,24
HUN,Hungary,CRIT,LICHEN,24
KOR,Korea,CRIT,INVERTEB,24
KOR,Korea,THREAT,FISH,24
LUX,Luxembourg,THREAT,INVERTEB,23
GRC,Greece,KNOW,AMPHIBIAN,23
NLD,Netherlands,THREAT,FISH,23
LTU,Lithuania,CRIT,VASCULAR_PLANT,23
CHL,Chile,ENDG,FISH,23
CHL,Chile,ENDG,FISH,23
DEU,Germany,VULN,FISH,23
CRI,Costa Rica,CRIT,AMPHIBIAN,23
CHL,Chile,ENDG,AMPHIBIAN,23
GRC,Greece,VULN,FISH,23
CHL,Chile,VULN,INVERTEB,23
HUN,Hungary,CRIT,BIRD,23
JPN,Japan,VULN,REPTILE,23
GBR,United Kingdom,CRIT,MOSS,23
ITA,Italy,THREAT,MAMMAL,23
EST,Estonia,CRIT,BIRD,23
TUR,Turkey,THREAT,MAMMAL,23
JPN,Japan,CRIT,INVERTEB,22
DEU,Germany,VULN,MAMMAL,22
LTU,Lithuania,VULN,INVERTEB,22
JPN,Japan,VULN,AMPHIBIAN,22
NOR,Norway,CRIT,MOSS,22
FRA,France,ENDG,INVERTEB,22
DEU,Germany,KNOW,AMPHIBIAN,22
ITA,Italy,THREAT,FISH,22
ESP,Spain,CRIT,INVERTEB,22
JPN,Japan,ENDG,INVERTEB,22
AUS,Australia,ENDG,INVERTEB,22
BEL,Belgium,VULN,FISH,22
PRT,Portugal,THREAT,FISH,22
CRI,Costa Rica,ENDG,AMPHIBIAN,22
NLD,Netherlands,VULN,BIRD,21
DEU,Germany,THREAT,FISH,21
SVN,Slovenia,KNOW,AMPHIBIAN,21
ITA,Italy,CRIT,FISH,21
ITA,Italy,VULN,BIRD,21
KOR,Korea,KNOW,AMPHIBIAN,21
CHE,Switzerland,ENDG,BIRD,21
ESP,Spain,ENDG,BIRD,21
PRT,Portugal,CRIT,BIRD,20
CHL,Chile,VULN,MAMMAL,20
AUS,Australia,ENDG,REPTILE,20
CRI,Costa Rica,VULN,BIRD,20
BRA,Brazil,VULN,REPTILE,20
AUT,Austria,KNOW,AMPHIBIAN,20
PRT,Portugal,KNOW,AMPHIBIAN,20
NZL,New Zealand,THREAT,MOSS,20
HUN,Hungary,CRIT,MOSS,20
BEL,Belgium,VULN,BIRD,20
JPN,Japan,CRIT,AMPHIBIAN,20
BEL,Belgium,CRIT,BIRD,20
LTU,Lithuania,VULN,BIRD,20
SWE,Sweden,THREAT,FISH,20
JPN,Japan,VULN,LICHEN,20
IRL,Ireland,CRIT,VASCULAR_PLANT,20
SVK,Slovak Republic,THREAT,MAMMAL,20
HUN,Hungary,ENDG,BIRD,20
AUS,Australia,ENDG,FISH,19
CHE,Switzerland,KNOW,AMPHIBIAN,19
EST,Estonia,CRIT,MOSS,19
ESP,Spain,THREAT,REPTILE,19
CHE,Switzerland,KNOW,REPTILE,19
SVN,Slovenia,ENDG,MAMMAL,19
LVA,Latvia,ENDG,BIRD,19
LTU,Lithuania,CRIT,BIRD,19
ESP,Spain,VULN,FISH,19
IRL,Ireland,CRIT,MOSS,19
BEL,Belgium,KNOW,AMPHIBIAN,19
POL,Poland,KNOW,AMPHIBIAN,19
CHL,Chile,VULN,BIRD,19
GRC,Greece,CRIT,FISH,19
SWE,Sweden,THREAT,FISH,19
CHL,Chile,ENDG,REPTILE,18
FRA,France,CRIT,INVERTEB,18
CRI,Costa Rica,THREAT,MAMMAL,18
BRA,Brazil,CRIT,AMPHIBIAN,18
ESP,Spain,VULN,MAMMAL,18
SVN,Slovenia,THREAT,REPTILE,18
SVK,Slovak Republic,KNOW,AMPHIBIAN,18
KOR,Korea,ENDG,BIRD,18
MEX,Mexico,CRIT,BIRD,18
AUT,Austria,ENDG,FISH,18
BEL,Belgium,THREAT,MAMMAL,18
HUN,Hungary,KNOW,AMPHIBIAN,18
COL,Colombia,ENDG,MAMMAL,18
AUT,Austria,ENDG,FISH,18
LVA,Latvia,ENDG,LICHEN,18
SVK,Slovak Republic,VULN,BIRD,17
AUS,Australia,CRIT,BIRD,17
AUS,Australia,ENDG,FISH,17
IRL,Ireland,THREAT,FISH,17
FRA,France,THREAT,MAMMAL,17
SVN,Slovenia,CRIT,BIRD,17
SVN,Slovenia,THREAT,AMPHIBIAN,17
GRC,Greece,CRIT,VASCULAR_PLANT,17
TUR,Turkey,THREAT,BIRD,17
COL,Colombia,VULN,REPTILE,17
POL,Poland,THREAT,FISH,17
LVA,Latvia,VULN,MOSS,17
GRC,Greece,ENDG,BIRD,17
LTU,Lithuania,ENDG,BIRD,17
AUT,Austria,VULN,MAMMAL,17
NOR,Norway,THREAT,MAMMAL,17
LTU,Lithuania,ENDG,LICHEN,16
FRA,France,CRIT,BIRD,16
POL,Poland,CRIT,BIRD,16
CAN,Canada,VULN,FISH,16
ISL,Iceland,VULN,BIRD,16
LVA,Latvia,CRIT,VASCULAR_PLANT,16
NZL,New Zealand,THREAT,LICHEN,16
CAN,Canada,THREAT,AMPHIBIAN,16
GRC,Greece,ENDG,FISH,16
LVA,Latvia,VULN,BIRD,16
CRI,Costa Rica,VULN,AMPHIBIAN,16
COL,Colombia,ENDG,REPTILE,16
JPN,Japan,THREAT,FISH,16
CHE,Switzerland,VULN,MAMMAL,16
COL,Colombia,CRIT,BIRD,16
NLD,Netherlands,KNOW,AMPHIBIAN,16
AUS,Australia,VULN,FISH,16
DNK,Denmark,KNOW,AMPHIBIAN,15
BEL,Belgium,THREAT,FISH,15
FRA,France,THREAT,FISH,15
CRI,Costa Rica,VULN,INVERTEB,15
AUS,Australia,CRIT,AMPHIBIAN,15
AUT,Austria,VULN,FISH,15
NOR,Norway,ENDG,BIRD,15
GBR,United Kingdom,KNOW,REPTILE,15
CZE,Czech Republic,THREAT,MAMMAL,15
SVN,Slovenia,VULN,MAMMAL,15
DNK,Denmark,ENDG,BIRD,15
CZE,Czech Republic,CRIT,FISH,15
HUN,Hungary,KNOW,REPTILE,15
CAN,Canada,VULN,REPTILE,15
GBR,United Kingdom,KNOW,AMPHIBIAN,15
BEL,Belgium,ENDG,BIRD,15
AUT,Austria,VULN,FISH,15
CZE,Czech Republic,CRIT,FISH,15
CHE,Switzerland,THREAT,REPTILE,15
MEX,Mexico,ENDG,AMPHIBIAN,15
ITA,Italy,VULN,FISH,14
POL,Poland,VULN,FISH,14
SVN,Slovenia,VULN,AMPHIBIAN,14
SWE,Sweden,THREAT,MAMMAL,14
CAN,Canada,ENDG,BIRD,14
KOR,Korea,THREAT,MAMMAL,14
AUT,Austria,KNOW,REPTILE,14
GRC,Greece,CRIT,BIRD,14
CAN,Canada,ENDG,FISH,14
BRA,Brazil,ENDG,FISH,14
NZL,New Zealand,CRIT,MOSS,14
BEL,Belgium,THREAT,FISH,14
NLD,Netherlands,VULN,FISH,14
DEU,Germany,ENDG,FISH,14
GRC,Greece,CRIT,FISH,14
GRC,Greece,THREAT,FISH,14
AUT,Austria,CRIT,BIRD,14
LUX,Luxembourg,KNOW,AMPHIBIAN,14
MEX,Mexico,CRIT,FISH,14
CHL,Chile,VULN,FISH,14
AUS,Australia,THREAT,FISH,14
ITA,Italy,THREAT,AMPHIBIAN,14
HUN,Hungary,THREAT,MAMMAL,14
CHE,Switzerland,VULN,FISH,13
LTU,Lithuania,KNOW,AMPHIBIAN,13
CRI,Costa Rica,ENDG,INVERTEB,13
LTU,Lithuania,CRIT,INVERTEB,13
DNK,Denmark,ENDG,MOSS,13
CHE,Switzerland,VULN,FISH,13
FIN,Finland,CRIT,BIRD,13
CHE,Switzerland,THREAT,AMPHIBIAN,13
NLD,Netherlands,THREAT,FISH,13
DEU,Germany,KNOW,REPTILE,13
GRC,Greece,VULN,MAMMAL,13
PRT,Portugal,VULN,MAMMAL,13
LTU,Lithuania,ENDG,MOSS,13
LVA,Latvia,KNOW,AMPHIBIAN,13
KOR,Korea,ENDG,FISH,13
AUS,Australia,VULN,INVERTEB,13
CHE,Switzerland,ENDG,MAMMAL,13
ITA,Italy,VULN,MAMMAL,13
GRC,Greece,ENDG,MAMMAL,13
KOR,Korea,ENDG,FISH,13
POL,Poland,THREAT,MAMMAL,13
BEL,Belgium,VULN,FISH,13
CHL,Chile,ENDG,MAMMAL,13
SWE,Sweden,KNOW,AMPHIBIAN,13
MEX,Mexico,CRIT,FISH,13
CHL,Chile,VULN,FISH,13
JPN,Japan,CRIT,MAMMAL,13
AUS,Australia,VULN,AMPHIBIAN,12
LUX,Luxembourg,THREAT,FISH,12
DEU,Germany,VULN,FISH,12
AUT,Austria,THREAT,AMPHIBIAN,12
POL,Poland,KNOW,REPTILE,12
GRC,Greece,ENDG,FISH,12
BRA,Brazil,CRIT,MAMMAL,12
SVK,Slovak Republic,KNOW,REPTILE,12
SVK,Slovak Republic,THREAT,FISH,12
DEU,Germany,CRIT,FISH,12
LUX,Luxembourg,THREAT,FISH,12
JPN,Japan,ENDG,MAMMAL,12
CZE,Czech Republic,KNOW,AMPHIBIAN,12
BEL,Belgium,VULN,MAMMAL,12
FIN,Finland,THREAT,FISH,12
COL,Colombia,THREAT,FISH,12
ITA,Italy,ENDG,FISH,12
CZE,Czech Republic,KNOW,REPTILE,12
SVK,Slovak Republic,VULN,MAMMAL,12
POL,Poland,VULN,FISH,12
CRI,Costa Rica,THREAT,REPTILE,12
BRA,Brazil,ENDG,AMPHIBIAN,12
CAN,Canada,CRIT,MAMMAL,11
BRA,Brazil,VULN,AMPHIBIAN,11
CAN,Canada,ENDG,FISH,11
GBR,United Kingdom,THREAT,MAMMAL,11
COL,Colombia,CRIT,REPTILE,11
ITA,Italy,CRIT,FISH,11
FRA,France,THREAT,FISH,11
DEU,Germany,VULN,FISH,11
SWE,Sweden,ENDG,BIRD,11
FRA,France,ENDG,FISH,11
NLD,Netherlands,THREAT,MAMMAL,11
EST,Estonia,KNOW,AMPHIBIAN,11
CHL,Chile,VULN,AMPHIBIAN,11
SVN,Slovenia,VULN,REPTILE,11
ISL,Iceland,ENDG,BIRD,11
ITA,Italy,THREAT,REPTILE,11
LUX,Luxembourg,VULN,BIRD,11
PRT,Portugal,CRIT,MAMMAL,11
PRT,Portugal,ENDG,FISH,10
ESP,Spain,CRIT,BIRD,10
DEU,Germany,ENDG,MAMMAL,10
CAN,Canada,ENDG,MAMMAL,10
AUS,Australia,ENDG,AMPHIBIAN,10
CHL,Chile,CRIT,AMPHIBIAN,10
ITA,Italy,CRIT,FISH,10
POL,Poland,VULN,BIRD,10
CRI,Costa Rica,VULN,MAMMAL,10
NLD,Netherlands,THREAT,FISH,10
BRA,Brazil,CRIT,REPTILE,10
SVN,Slovenia,THREAT,FISH,10
COL,Colombia,ENDG,FISH,10
NLD,Netherlands,ENDG,BIRD,10
NLD,Netherlands,CRIT,BIRD,10
SVN,Slovenia,VULN,FISH,10
ITA,Italy,CRIT,BIRD,10
POL,Poland,ENDG,MAMMAL,10
NLD,Netherlands,VULN,FISH,10
ITA,Italy,VULN,AMPHIBIAN,10
BEL,Belgium,KNOW,REPTILE,10
AUS,Australia,CRIT,REPTILE,10
TUR,Turkey,THREAT,AMPHIBIAN,10
PRT,Portugal,THREAT,REPTILE,10
CZE,Czech Republic,CRIT,MAMMAL,10
FRA,France,VULN,MAMMAL,10
AUS,Australia,CRIT,MAMMAL,10
SVK,Slovak Republic,CRIT,BIRD,10
ESP,Spain,VULN,REPTILE,10
SVN,Slovenia,VULN,FISH,9
ESP,Spain,CRIT,FISH,9
ESP,Spain,ENDG,FISH,9
ESP,Spain,CRIT,FISH,9
SVN,Slovenia,ENDG,FISH,9
LTU,Lithuania,CRIT,MOSS,9
CHL,Chile,CRIT,REPTILE,9
DEU,Germany,ENDG,FISH,9
CAN,Canada,VULN,AMPHIBIAN,9
EST,Estonia,THREAT,FISH,9
GRC,Greece,THREAT,REPTILE,9
BEL,Belgium,VULN,FISH,9
MEX,Mexico,CRIT,MAMMAL,9
HUN,Hungary,CRIT,INVERTEB,9
CAN,Canada,CRIT,FISH,9
AUT,Austria,THREAT,REPTILE,9
JPN,Japan,CRIT,REPTILE,9
CRI,Costa Rica,ENDG,FISH,9
CHL,Chile,THREAT,MOSS,9
DNK,Denmark,THREAT,MAMMAL,9
JPN,Japan,VULN,MAMMAL,9
CHE,Switzerland,ENDG,AMPHIBIAN,9
EST,Estonia,THREAT,FISH,9
COL,Colombia,VULN,FISH,9
ESP,Spain,THREAT,AMPHIBIAN,9
KOR,Korea,VULN,MAMMAL,9
RUS,Russia,THREAT,REPTILE,9
LUX,Luxembourg,VULN,INVERTEB,9
NOR,Norway,KNOW,REPTILE,9
CHE,Switzerland,CRIT,BIRD,9
FRA,France,THREAT,REPTILE,9
FRA,France,THREAT,AMPHIBIAN,8
DNK,Denmark,THREAT,FISH,8
SWE,Sweden,VULN,FISH,8
DNK,Denmark,KNOW,REPTILE,8
CZE,Czech Republic,VULN,FISH,8
CZE,Czech Republic,VULN,FISH,8
AUT,Austria,VULN,AMPHIBIAN,8
FRA,France,VULN,FISH,8
HUN,Hungary,VULN,INVERTEB,8
LUX,Luxembourg,ENDG,BIRD,8
LUX,Luxembourg,VULN,FISH,8
SVK,Slovak Republic,THREAT,AMPHIBIAN,8
LUX,Luxembourg,VULN,FISH,8
NZL,New Zealand,KNOW,AMPHIBIAN,8
DEU,Germany,CRIT,FISH,8
AUS,Australia,VULN,FISH,8
DEU,Germany,THREAT,REPTILE,8
PRT,Portugal,CRIT,FISH,8
ITA,Italy,VULN,FISH,8
POL,Poland,ENDG,BIRD,8
ITA,Italy,ENDG,MAMMAL,8
JPN,Japan,ENDG,FISH,8
NZL,New Zealand,VULN,LICHEN,8
DEU,Germany,THREAT,AMPHIBIAN,8
DNK,Denmark,THREAT,FISH,8
CRI,Costa Rica,ENDG,BIRD,8
CRI,Costa Rica,ENDG,MAMMAL,7
FIN,Finland,KNOW,AMPHIBIAN,7
CZE,Czech Republic,THREAT,REPTILE,7
NOR,Norway,THREAT,FISH,7
NLD,Netherlands,KNOW,REPTILE,7
SVN,Slovenia,ENDG,REPTILE,7
NOR,Norway,THREAT,FISH,7
LUX,Luxembourg,CRIT,BIRD,7
KOR,Korea,VULN,FISH,7
LUX,Luxembourg,ENDG,INVERTEB,7
NOR,Norway,VULN,MAMMAL,7
LUX,Luxembourg,CRIT,INVERTEB,7
LTU,Lithuania,THREAT,MAMMAL,7
LTU,Lithuania,KNOW,REPTILE,7
ESP,Spain,THREAT,FISH,7
FRA,France,CRIT,FISH,7
AUS,Australia,CRIT,FISH,7
ESP,Spain,ENDG,FISH,7
KOR,Korea,VULN,FISH,7
HUN,Hungary,ENDG,INVERTEB,7
NLD,Netherlands,THREAT,AMPHIBIAN,7
COL,Colombia,CRIT,FISH,7
CHE,Switzerland,ENDG,REPTILE,7
DEU,Germany,CRIT,MAMMAL,7
SWE,Sweden,VULN,FISH,7
PRT,Portugal,ENDG,MAMMAL,7
LVA,Latvia,CRIT,INVERTEB,7
FIN,Finland,THREAT,MAMMAL,7
LVA,Latvia,KNOW,REPTILE,7
CZE,Czech Republic,THREAT,AMPHIBIAN,7
KOR,Korea,CRIT,BIRD,7
JPN,Japan,CRIT,FISH,6
NZL,New Zealand,CRIT,LICHEN,6
PRT,Portugal,VULN,REPTILE,6
GRC,Greece,VULN,REPTILE,6
SWE,Sweden,CRIT,FISH,6
ESP,Spain,VULN,AMPHIBIAN,6
AUT,Austria,ENDG,MAMMAL,6
SVK,Slovak Republic,VULN,FISH,6
SWE,Sweden,CRIT,BIRD,6
SVK,Slovak Republic,ENDG,FISH,6
ITA,Italy,ENDG,FISH,6
SWE,Sweden,KNOW,REPTILE,6
IRL,Ireland,CRIT,FISH,6
DNK,Denmark,VULN,FISH,6
CAN,Canada,CRIT,FISH,6
SWE,Sweden,ENDG,FISH,6
NLD,Netherlands,VULN,MAMMAL,6
SVK,Slovak Republic,ENDG,MAMMAL,6
POL,Poland,CRIT,FISH,6
IRL,Ireland,VULN,FISH,6
ESP,Spain,ENDG,MAMMAL,6
NOR,Norway,CRIT,BIRD,6
GRC,Greece,THREAT,AMPHIBIAN,6
LUX,Luxembourg,KNOW,REPTILE,6
MEX,Mexico,CRIT,VASCULAR_PLANT,6
FRA,France,ENDG,FISH,6
AUT,Austria,CRIT,FISH,6
NOR,Norway,KNOW,AMPHIBIAN,6
DEU,Germany,VULN,AMPHIBIAN,6
SWE,Sweden,VULN,MAMMAL,6
COL,Colombia,CRIT,MOSS,6
COL,Colombia,CRIT,INVERTEB,6
FRA,France,VULN,REPTILE,6
ITA,Italy,VULN,FISH,6
ISL,Iceland,CRIT,BIRD,6
SWE,Sweden,CRIT,FISH,6
ITA,Italy,ENDG,FISH,6
HUN,Hungary,VULN,MAMMAL,6
CHE,Switzerland,CRIT,FISH,6
CHE,Switzerland,CRIT,FISH,6
CAN,Canada,ENDG,REPTILE,6
AUT,Austria,CRIT,FISH,6
SWE,Sweden,ENDG,FISH,6
DNK,Denmark,VULN,MAMMAL,6
BEL,Belgium,THREAT,AMPHIBIAN,6
CAN,Canada,ENDG,AMPHIBIAN,5
POL,Poland,ENDG,FISH,5
NLD,Netherlands,THREAT,REPTILE,5
DNK,Denmark,THREAT,AMPHIBIAN,5
ESP,Spain,ENDG,REPTILE,5
IRL,Ireland,THREAT,FISH,5
SWE,Sweden,VULN,AMPHIBIAN,5
CHE,Switzerland,ENDG,FISH,5
FIN,Finland,VULN,FISH,5
ISL,Iceland,KNOW,FISH,5
SVK,Slovak Republic,VULN,AMPHIBIAN,5
LVA,Latvia,THREAT,MAMMAL,5
SVK,Slovak Republic,THREAT,REPTILE,5
CHE,Switzerland,VULN,REPTILE,5
IRL,Ireland,ENDG,FISH,5
HUN,Hungary,CRIT,MAMMAL,5
LTU,Lithuania,THREAT,FISH,5
NOR,Norway,ENDG,MAMMAL,5
FRA,France,VULN,AMPHIBIAN,5
EST,Estonia,KNOW,REPTILE,5
JPN,Japan,ENDG,AMPHIBIAN,5
SWE,Sweden,THREAT,AMPHIBIAN,5
NOR,Norway,CRIT,MAMMAL,5
JPN,Japan,ENDG,REPTILE,5
KOR,Korea,THREAT,AMPHIBIAN,5
ITA,Italy,VULN,REPTILE,5
DEU,Germany,ENDG,FISH,5
KOR,Korea,THREAT,REPTILE,5
FIN,Finland,KNOW,REPTILE,5
FRA,France,ENDG,FISH,5
ESP,Spain,VULN,FISH,5
EST,Estonia,VULN,FISH,5
EST,Estonia,VULN,FISH,5
GBR,United Kingdom,VULN,MAMMAL,5
DNK,Denmark,CRIT,MOSS,5
CRI,Costa Rica,VULN,REPTILE,5
CHE,Switzerland,CRIT,MAMMAL,5
SWE,Sweden,CRIT,MAMMAL,5
FRA,France,VULN,FISH,5
NLD,Netherlands,ENDG,FISH,5
CAN,Canada,CRIT,REPTILE,5
CRI,Costa Rica,ENDG,REPTILE,5
GRC,Greece,VULN,FISH,5
CHE,Switzerland,ENDG,FISH,5
GRC,Greece,CRIT,FISH,5
ITA,Italy,ENDG,REPTILE,5
COL,Colombia,CRIT,MAMMAL,5
CHE,Switzerland,VULN,AMPHIBIAN,4
PRT,Portugal,VULN,FISH,4
CZE,Czech Republic,VULN,MAMMAL,4
AUS,Australia,CRIT,FISH,4
GBR,United Kingdom,THREAT,FISH,4
GRC,Greece,ENDG,FISH,4
CHL,Chile,ENDG,MOSS,4
CHL,Chile,VULN,MOSS,4
POL,Poland,ENDG,FISH,4
CRI,Costa Rica,KNOW,MOSS,4
NOR,Norway,ENDG,FISH,4
NLD,Netherlands,VULN,FISH,4
BEL,Belgium,CRIT,MAMMAL,4
GBR,United Kingdom,ENDG,MAMMAL,4
EST,Estonia,THREAT,FISH,4
KOR,Korea,CRIT,FISH,4
KOR,Korea,CRIT,FISH,4
IRL,Ireland,VULN,FISH,4
BEL,Belgium,THREAT,REPTILE,4
BEL,Belgium,ENDG,FISH,4
FIN,Finland,ENDG,MAMMAL,4
FRA,France,ENDG,MAMMAL,4
LVA,Latvia,VULN,LICHEN,4
NLD,Netherlands,CRIT,FISH,4
NOR,Norway,ENDG,FISH,4
LVA,Latvia,THREAT,AMPHIBIAN,4
FRA,France,CRIT,FISH,4
KOR,Korea,ENDG,MAMMAL,4
KOR,Korea,VULN,REPTILE,4
SVK,Slovak Republic,VULN,REPTILE,4
DEU,Germany,CRIT,REPTILE,4
HUN,Hungary,ENDG,REPTILE,4
HUN,Hungary,THREAT,REPTILE,4
LTU,Lithuania,VULN,MAMMAL,4
FIN,Finland,CRIT,FISH,4
NLD,Netherlands,VULN,REPTILE,4
PRT,Portugal,ENDG,REPTILE,4
LTU,Lithuania,THREAT,AMPHIBIAN,4
AUT,Austria,CRIT,MAMMAL,4
ESP,Spain,CRIT,REPTILE,4
CRI,Costa Rica,CRIT,VASCULAR_PLANT,4
ITA,Italy,ENDG,AMPHIBIAN,4
NZL,New Zealand,ENDG,MOSS,4
DNK,Denmark,ENDG,AMPHIBIAN,4
ISL,Iceland,KNOW,MAMMAL,4
COL,Colombia,ENDG,MOSS,4
DEU,Germany,CRIT,FISH,4
LVA,Latvia,CRIT,BIRD,4
LUX,Luxembourg,THREAT,AMPHIBIAN,4
LTU,Lithuania,THREAT,FISH,4
LTU,Lithuania,CRIT,FISH,3
LUX,Luxembourg,CRIT,FISH,3
FRA,France,CRIT,FISH,3
LTU,Lithuania,VULN,AMPHIBIAN,3
EST,Estonia,THREAT,MAMMAL,3
FRA,France,VULN,FISH,3
GRC,Greece,CRIT,MAMMAL,3
FRA,France,CRIT,MAMMAL,3
LTU,Lithuania,ENDG,MAMMAL,3
NLD,Netherlands,ENDG,MAMMAL,3
DNK,Denmark,CRIT,FISH,3
IRL,Ireland,KNOW,REPTILE,3
CZE,Czech Republic,VULN,REPTILE,3
AUT,Austria,VULN,REPTILE,3
DNK,Denmark,ENDG,FISH,3
FRA,France,ENDG,AMPHIBIAN,3
BEL,Belgium,CRIT,AMPHIBIAN,3
CRI,Costa Rica,CRIT,INVERTEB,3
LVA,Latvia,ENDG,MAMMAL,3
AUT,Austria,CRIT,REPTILE,3
CZE,Czech Republic,VULN,AMPHIBIAN,3
GRC,Greece,VULN,AMPHIBIAN,3
EST,Estonia,CRIT,FISH,3
CZE,Czech Republic,ENDG,REPTILE,3
HUN,Hungary,ENDG,MAMMAL,3
SWE,Sweden,ENDG,MAMMAL,3
LTU,Lithuania,VULN,LICHEN,3
COL,Colombia,ENDG,FISH,3
CAN,Canada,CRIT,FISH,3
NLD,Netherlands,CRIT,FISH,3
NLD,Netherlands,ENDG,FISH,3
EST,Estonia,THREAT,AMPHIBIAN,3
FRA,France,ENDG,REPTILE,3
AUT,Austria,ENDG,REPTILE,3
AUT,Austria,ENDG,AMPHIBIAN,3
EST,Estonia,CRIT,FISH,3
POL,Poland,THREAT,REPTILE,3
BEL,Belgium,ENDG,FISH,3
BEL,Belgium,ENDG,AMPHIBIAN,3
DEU,Germany,ENDG,REPTILE,3
FIN,Finland,ENDG,FISH,3
GBR,United Kingdom,ENDG,FISH,3
CHE,Switzerland,CRIT,REPTILE,3
KOR,Korea,VULN,AMPHIBIAN,3
LUX,Luxembourg,CRIT,FISH,3
AUS,Australia,CRIT,FISH,3
BEL,Belgium,CRIT,FISH,3
NLD,Netherlands,VULN,AMPHIBIAN,3
SVK,Slovak Republic,ENDG,AMPHIBIAN,3
SVN,Slovenia,ENDG,AMPHIBIAN,3
CHL,Chile,CRIT,MAMMAL,3
MEX,Mexico,THREAT,FISH,3
CZE,Czech Republic,ENDG,AMPHIBIAN,3
LVA,Latvia,CRIT,MOSS,3
IRL,Ireland,KNOW,AMPHIBIAN,3
NOR,Norway,VULN,FISH,2
LTU,Lithuania,THREAT,REPTILE,2
KOR,Korea,ENDG,AMPHIBIAN,2
LTU,Lithuania,VULN,FISH,2
PRT,Portugal,VULN,AMPHIBIAN,2
POL,Poland,CRIT,MAMMAL,2
SWE,Sweden,THREAT,REPTILE,2
JPN,Japan,VULN,FISH,2
GBR,United Kingdom,ENDG,REPTILE,2
ESP,Spain,ENDG,FISH,2
NLD,Netherlands,CRIT,AMPHIBIAN,2
LTU,Lithuania,CRIT,FISH,2
HUN,Hungary,THREAT,AMPHIBIAN,2
FIN,Finland,VULN,MAMMAL,2
GRC,Greece,ENDG,AMPHIBIAN,2
NLD,Netherlands,CRIT,MAMMAL,2
DEU,Germany,ENDG,AMPHIBIAN,2
LTU,Lithuania,VULN,FISH,2
EST,Estonia,THREAT,REPTILE,2
PRT,Portugal,THREAT,AMPHIBIAN,2
ITA,Italy,CRIT,MAMMAL,2
GBR,United Kingdom,CRIT,MAMMAL,2
ESP,Spain,ENDG,AMPHIBIAN,2
NZL,New Zealand,VULN,MOSS,2
EST,Estonia,CRIT,FISH,2
MEX,Mexico,VULN,FISH,2
LUX,Luxembourg,THREAT,REPTILE,2
LUX,Luxembourg,VULN,REPTILE,2
MEX,Mexico,VULN,MOSS,2
NLD,Netherlands,ENDG,AMPHIBIAN,2
DNK,Denmark,ENDG,MAMMAL,2
NZL,New Zealand,ENDG,LICHEN,2
POL,Poland,THREAT,FISH,2
EST,Estonia,CRIT,MAMMAL,2
AUS,Australia,ENDG,FISH,2
BEL,Belgium,ENDG,MAMMAL,2
LVA,Latvia,VULN,MAMMAL,2
CRI,Costa Rica,THREAT,MOSS,2
NLD,Netherlands,ENDG,FISH,2
CRI,Costa Rica,CRIT,REPTILE,2
CRI,Costa Rica,CRIT,BIRD,2
BEL,Belgium,VULN,REPTILE,2
BEL,Belgium,ENDG,REPTILE,2
CZE,Czech Republic,ENDG,FISH,2
BEL,Belgium,CRIT,FISH,2
MEX,Mexico,THREAT,MOSS,2
CAN,Canada,CRIT,AMPHIBIAN,2
SWE,Sweden,THREAT,FISH,2
DNK,Denmark,VULN,FISH,2
LVA,Latvia,THREAT,FISH,2
EST,Estonia,ENDG,AMPHIBIAN,2
LVA,Latvia,CRIT,LICHEN,2
COL,Colombia,ENDG,FISH,2
DNK,Denmark,CRIT,FISH,2
LVA,Latvia,THREAT,REPTILE,2
COL,Colombia,CRIT,FISH,2
CZE,Czech Republic,ENDG,FISH,2
CHL,Chile,CRIT,BIRD,2
CHL,Chile,THREAT,LICHEN,2
LUX,Luxembourg,CRIT,AMPHIBIAN,2
LVA,Latvia,VULN,AMPHIBIAN,2
GBR,United Kingdom,THREAT,AMPHIBIAN,2
CRI,Costa Rica,VULN,MOSS,2
GBR,United Kingdom,THREAT,REPTILE,2
SVK,Slovak Republic,CRIT,MAMMAL,2
SWE,Sweden,VULN,REPTILE,2
GRC,Greece,ENDG,REPTILE,2
ESP,Spain,CRIT,MAMMAL,2
NOR,Norway,VULN,FISH,2
FIN,Finland,ENDG,AMPHIBIAN,1
BEL,Belgium,ENDG,FISH,1
SWE,Sweden,VULN,FISH,1
GBR,United Kingdom,CRIT,AMPHIBIAN,1
NOR,Norway,CRIT,FISH,1
CRI,Costa Rica,CRIT,FISH,1
NOR,Norway,CRIT,FISH,1
POL,Poland,VULN,FISH,1
CZE,Czech Republic,ENDG,MAMMAL,1
CHL,Chile,VULN,FISH,1
CHL,Chile,CRIT,LICHEN,1
NOR,Norway,THREAT,AMPHIBIAN,1
NOR,Norway,CRIT,AMPHIBIAN,1
POL,Poland,CRIT,FISH,1
CHL,Chile,CRIT,FISH,1
GBR,United Kingdom,ENDG,AMPHIBIAN,1
EST,Estonia,VULN,AMPHIBIAN,1
FIN,Finland,CRIT,MAMMAL,1
EST,Estonia,ENDG,FISH,1
CHL,Chile,VULN,LICHEN,1
BEL,Belgium,CRIT,FISH,1
GBR,United Kingdom,VULN,FISH,1
LUX,Luxembourg,ENDG,FISH,1
CRI,Costa Rica,CRIT,MAMMAL,1
LVA,Latvia,ENDG,AMPHIBIAN,1
CHL,Chile,CRIT,FISH,1
ESP,Spain,CRIT,AMPHIBIAN,1
SVN,Slovenia,VULN,FISH,1
IRL,Ireland,CRIT,FISH,1
CHL,Chile,THREAT,FISH,1
DNK,Denmark,CRIT,MAMMAL,1
POL,Poland,CRIT,FISH,1
LTU,Lithuania,CRIT,FISH,1
LTU,Lithuania,THREAT,FISH,1
CHL,Chile,CRIT,MOSS,1
SVK,Slovak Republic,CRIT,REPTILE,1
POL,Poland,CRIT,REPTILE,1
POL,Poland,ENDG,REPTILE,1
LVA,Latvia,CRIT,REPTILE,1
NLD,Netherlands,CRIT,REPTILE,1
SWE,Sweden,ENDG,FISH,1
AUS,Australia,THREAT,MOSS,1
LTU,Lithuania,VULN,REPTILE,1
LUX,Luxembourg,ENDG,FISH,1
EST,Estonia,ENDG,REPTILE,1
DNK,Denmark,CRIT,AMPHIBIAN,1
DNK,Denmark,VULN,REPTILE,1
FIN,Finland,VULN,REPTILE,1
EST,Estonia,ENDG,FISH,1
EST,Estonia,ENDG,FISH,1
CZE,Czech Republic,CRIT,REPTILE,1
LTU,Lithuania,ENDG,AMPHIBIAN,1
LTU,Lithuania,ENDG,REPTILE,1
ITA,Italy,CRIT,REPTILE,1
DNK,Denmark,THREAT,REPTILE,1
GRC,Greece,CRIT,REPTILE,1
KOR,Korea,ENDG,REPTILE,1
DEU,Germany,VULN,REPTILE,1
FIN,Finland,THREAT,REPTILE,1
POL,Poland,VULN,MAMMAL,1
POL,Poland,VULN,REPTILE,1
LVA,Latvia,CRIT,AMPHIBIAN,1
IRL,Ireland,ENDG,AMPHIBIAN,1
EST,Estonia,VULN,FISH,1
FIN,Finland,THREAT,AMPHIBIAN,1
EST,Estonia,ENDG,MAMMAL,1
GRC,Greece,CRIT,AMPHIBIAN,1
IRL,Ireland,VULN,MAMMAL,1
IRL,Ireland,THREAT,MAMMAL,1
HUN,Hungary,VULN,AMPHIBIAN,1
CZE,Czech Republic,CRIT,AMPHIBIAN,1
EST,Estonia,VULN,REPTILE,1
LVA,Latvia,VULN,FISH,1
LVA,Latvia,VULN,FISH,1
LVA,Latvia,THREAT,FISH,1
LUX,Luxembourg,ENDG,AMPHIBIAN,1
LUX,Luxembourg,VULN,AMPHIBIAN,1
LVA,Latvia,THREAT,FISH,1
MEX,Mexico,ENDG,FISH,1
IRL,Ireland,THREAT,AMPHIBIAN,1
COL,Colombia,CRIT,FISH,1
AUT,Austria,CRIT,AMPHIBIAN,1
LVA,Latvia,CRIT,FISH,1
KOR,Korea,CRIT,MAMMAL,1
LVA,Latvia,CRIT,FISH,1
LVA,Latvia,ENDG,REPTILE,1
DNK,Denmark,VULN,AMPHIBIAN,1
MEX,Mexico,CRIT,INVERTEB,1
AUS,Australia,VULN,MOSS,1
HUN,Hungary,ENDG,AMPHIBIAN,1
NLD,Netherlands,CRIT,FISH,1
